id,full_name,email,gender,birth_date
46-455-1850,Nehemiah,nneaves0@123-reg.co.uk,Male,28/12/1958
89-033-6255,Faythe,fmccullock1@infoseek.co.jp,Female,24/04/1970
17-122-0043,Sterne,smunt2@spotify.com,Male,12/06/1964
82-475-7435,Robinette,rbollins3@scribd.com,Female,03/02/1967
42-851-6365,El,eflucker4@nyu.edu,Male,08/08/1952
91-866-2659,Ellissa,ejenno5@webeden.co.uk,Female,10/03/2013
53-801-0822,Randie,rbrownsworth6@yahoo.com,Male,06/10/2011
67-591-8518,Raimundo,rleggin7@jiathis.com,Male,10/03/2005
91-746-2935,Gwynne,gsteers8@networkadvertising.org,Female,21/02/2013
12-437-0373,Owen,oandras9@soup.io,Male,22/01/1978
52-969-1771,Hakim,hwilkisona@indiegogo.com,Male,14/10/1970
15-832-5436,Joli,jmacchaellb@cnn.com,Female,08/06/2015
64-892-0276,Shana,spottesc@imgur.com,Female,14/06/2005
80-602-0483,Amabel,aeloid@techcrunch.com,Female,18/07/1970
07-682-1487,Vittorio,vmcgeoche@addthis.com,Male,02/10/2006
62-585-3111,Bunny,bhawkettf@google.es,Female,12/08/1976
39-826-8694,Erwin,ewhistlecraftg@csmonitor.com,Male,29/04/1985
39-009-7993,Aggy,aharbererh@woothemes.com,Female,20/10/1984
24-268-7287,Jarrid,jspeirsi@google.cn,Male,28/02/1967
09-328-5744,Margarete,mdegowej@trellian.com,Female,30/03/1957
76-698-3720,Bowie,bklammank@usa.gov,Male,03/02/1966
66-987-4169,Rozina,rhuntl@sun.com,Female,20/01/1973
47-681-3523,Harwell,hvealem@archive.org,Male,18/09/2001
91-677-2551,Tabatha,tklainmann@spiegel.de,Female,10/12/1958
16-358-8035,Ephrayim,emaveno@blog.com,Male,15/12/1969
85-393-7101,Gretel,gwallingtonp@linkedin.com,Female,04/05/1955
00-502-5451,Livia,lbalfeq@youku.com,Female,29/06/1988
62-438-3255,Willard,wbillesr@princeton.edu,Male,19/05/1953
09-879-7098,Janifer,jmorlings@nps.gov,Female,16/04/1968
57-518-2079,Lester,lnewlandst@apple.com,Male,23/08/2004
18-363-4680,Florina,fhecksu@archive.org,Female,13/04/1979
97-002-3205,Kaila,kglanvillev@ucoz.com,Female,14/07/1963
17-345-0275,Stirling,shurtw@123-reg.co.uk,Male,09/03/1969
57-024-9576,Cos,cherleyx@buzzfeed.com,Male,06/03/1953
65-018-3629,Marjory,mpatmany@hhs.gov,Female,10/06/2009
95-151-7893,Lalo,lstraceyz@berkeley.edu,Male,21/07/1977
51-997-3417,Shalne,sjankowski10@joomla.org,Female,20/02/2001
04-615-6295,Michele,mnicholas11@webs.com,Female,13/05/1982
68-474-4635,Eloisa,etales12@php.net,Female,30/12/1977
97-266-4431,Chrissy,cyate13@yellowpages.com,Male,31/05/1967
19-091-3364,Christos,cmoreno14@tinyurl.com,Male,15/11/1960
97-480-4182,Katrinka,kbinford15@nhs.uk,Female,26/10/1954
44-181-3269,Jess,jfitzgerald16@google.cn,Female,20/02/1951
31-026-4450,Antonina,abatson17@cloudflare.com,Female,02/10/2010
72-281-9544,Elena,elimeburner18@tinypic.com,Female,29/01/1988
07-363-7763,Mylo,mtutt19@mapy.cz,Male,06/06/1952
15-158-4134,Jodie,jcrosswaite1a@flickr.com,Male,13/04/1969
45-465-5564,Alica,abinney1b@loc.gov,Female,30/12/1995
89-034-2827,Jabez,jshimoni1c@msu.edu,Male,04/12/1986
06-284-0477,Ardyce,apoundford1d@ed.gov,Female,07/07/1996
