id,title,ISBN,author,auther_id,published_date
1,Sherri Eastman,788958565-9,Celestyn Tomblings,09-328-5744,12/08/1965
2,Tally Martel,845708670-7,Joy Snowling,91-677-2551,21/04/1962
3,Tim Rhyme,203813139-2,Merissa Defau,89-034-2827,24/12/1973
4,Lauren Skoughman,185081483-X,Killy MacSween,68-474-4635,16/03/2012
5,Kippie Giraudou,493770485-0,Dre Attock,07-682-1487,15/09/1992
6,Karole Bragge,027294506-4,Orelle Caen,17-122-0043,27/12/2017
7,Kaiser Grewar,720439491-7,Clevey Shone,47-681-3523,09/11/2002
8,Otes Gronou,520451681-6,Mavra Gaiter,67-591-8518,27/12/1997
9,Robinia Duigan,235130808-5,Fay Pennyman,47-681-3523,23/08/1970
10,Mayor O'Sheils,750987689-3,Colly Handrock,85-393-7101,19/10/2002
11,Dew Rooper,682276634-0,Welsh Penswick,91-866-2659,03/07/2005
12,Cassey Macenzy,974295388-0,Henka Jessup,07-363-7763,28/08/1978
13,Felice Stanhope,967154224-7,Leopold Seres,47-681-3523,29/11/1960
14,Debbie Harbin,627661476-9,Hamilton Steeden,97-480-4182,12/10/1981
15,Willabella Grabban,207739683-0,Ede Sparrowhawk,57-024-9576,02/08/1980
16,Vincent Ruler,782035546-8,Tomas Ackhurst,12-437-0373,25/04/1965
17,Freddi Climar,600043645-9,Zebulon Pritchitt,82-475-7435,10/10/2003
18,Harlie Trulocke,319280655-9,Thedric Crippin,89-033-6255,11/07/1976
19,Niven Menlow,497286849-X,Noellyn Dockray,91-866-2659,29/06/1961
20,Latrina Fass,138673608-2,Anna-diane Febre,45-465-5564,18/01/2014
21,Benedicta Poore,380529167-1,Von Rudiger,47-681-3523,09/04/1990
22,Bevon Lithgow,487041572-0,Benedick Reynold,31-026-4450,11/04/1970
23,Barret Sloey,991562932-X,Nevsa Kattenhorn,12-437-0373,02/08/1985
24,Heath Poore,281177709-1,Jerrie Coupe,47-681-3523,31/12/1974
25,Ilaire Zapater,896157874-X,Noellyn Cronshaw,89-034-2827,20/09/2010
26,Viola Klemensiewicz,000812613-5,Ellswerth Quickfall,80-602-0483,16/08/1979
27,Genvieve Stapleford,100058226-4,Vikky Wetherburn,16-358-8035,16/06/1998
28,Bent Makeswell,448229230-3,Rossy Troyes,95-151-7893,21/01/1971
29,Veronica Jakucewicz,881666174-7,Wenonah Ruf,15-158-4134,01/08/1968
30,Teirtza Uppett,420829631-3,Georgena Fulun,04-615-6295,25/02/1969
31,Christy McCard,687759858-X,Fairlie Lazar,66-987-4169,07/04/1988
32,Merrick Scattergood,817924386-9,Brittany Niess,85-393-7101,13/11/1962
33,Lorine Andrusyak,078436714-0,Shell Gerb,62-585-3111,22/03/1990
34,Karlotta Stirling,537792860-1,Sela Petigrew,15-158-4134,24/06/2013
35,Fay Snap,218083059-9,Allissa Latliff,07-682-1487,28/11/2018
36,Hazel Ferrer,243884117-6,Derek Gallamore,89-034-2827,08/04/2002
37,Isadore Schlag,135088708-0,Averyl Burdis,18-363-4680,10/09/2002
38,Earl Miche,358925231-6,Kent Grishukhin,18-363-4680,14/12/1998
39,Duke Swatradge,479792965-0,York Powlesland,19-091-3364,11/04/1996
40,Amandi Cowherd,119018367-6,Dianemarie Coatts,17-122-0043,28/10/1990
41,Arda Petts,081790087-X,Jeffrey Jakubovics,31-026-4450,14/12/1993
42,Denis Mardell,237292357-9,Barbe Chesley,97-002-3205,24/07/1986
43,Thomasin Whittick,246152751-2,Erin Bernhardt,62-585-3111,29/12/1962
44,Caresa Pyle,472924443-5,Rowney Parlet,57-024-9576,05/08/1988
45,Sioux Figura,227043368-8,Michael Pudney,64-892-0276,27/04/1987
46,Jehanna Catlow,985403280-9,Jocelyne Dimmne,00-502-5451,26/10/1983
47,Stacie Vain,506911179-5,Addison Van den Bosch,80-602-0483,27/09/2002
48,Gwendolyn Sooper,349032300-9,Harri Follos,17-122-0043,25/04/2003
49,Remington Murrthum,763888364-0,Crawford Lethbridge,66-987-4169,30/10/1973
50,Thayne Scathard,704614626-8,Herschel Kivell,31-026-4450,23/02/2018
51,Beatrix Lowne,743680818-4,Stillmann Shinn,07-682-1487,06/02/2016
52,Donnie Kingston,781036372-7,Morris Heinzel,09-879-7098,11/11/1963
53,Farrand Matteucci,738259124-7,Peta Carff,07-363-7763,08/02/1966
54,Grenville Tidbury,917224866-1,Trstram Ivashechkin,97-002-3205,06/07/1977
55,Johannes Denkin,629479342-4,Filmer Allflatt,95-151-7893,10/06/1975
56,Jecho Lown,846721353-1,Moishe Fowell,51-997-3417,04/08/1965
57,Peter Baglan,727883490-2,Thalia Preene,53-801-0822,28/01/1978
58,Halsy Shadrach,438375442-2,Andrew Walewicz,57-024-9576,02/03/2009
59,Natale Chasteney,839083541-X,Leonidas Mugleston,72-281-9544,04/10/1962
60,Melba Cufflin,554040002-X,Nikolos Alldre,17-122-0043,07/12/1983
61,Cele Ogbourne,035859586-X,Bran Kendred,51-997-3417,22/10/1991
62,Sammy Shellsheere,842250516-9,Fredericka Vales,16-358-8035,24/03/1979
63,Miof mela McConachie,215353970-6,Cleveland D'Errico,91-677-2551,19/10/1962
64,Ellerey Elcock,207570962-9,Manuel Hackwell,07-682-1487,08/10/1975
65,Harriette Carlaw,889264078-X,Karalee Leverton,97-002-3205,11/07/1995
66,Farleigh Hatto,810016691-9,Elva Tressler,19-091-3364,09/04/1964
67,Matthaeus Espley,363399184-0,Salvatore Anney,64-892-0276,10/06/1980
68,Tyler Tupper,976442738-3,Jayne Robertucci,72-281-9544,19/06/1964
69,April MacDermot,780149951-4,Cullan Castellone,18-363-4680,07/06/1975
70,Phillipe Jakolevitch,132484271-7,Tucker Kemm,09-879-7098,12/12/1997
71,Odie De la Zenne,373719321-5,Deonne Mutton,17-122-0043,15/06/2014
72,Florrie McClymont,524226464-0,Blakelee Busson,62-585-3111,19/09/1981
73,Janna McDuall,955481563-8,Travis Maffioni,53-801-0822,04/08/1975
74,Vinny Kelland,432464324-5,Angie Crowthe,53-801-0822,08/12/2006
75,Consolata Boss,529266323-9,Joshua McShane,57-024-9576,23/05/1968
76,Nicky Ide,470337438-2,Una Bartosik,17-122-0043,29/04/1982
77,Keen Ffoulkes,008549400-3,Arly O'Cosgra,57-024-9576,29/06/1961
78,Jeth Comini,723594915-5,Cirilo Geraldo,91-677-2551,12/06/1990
79,Ugo Ikins,283590165-5,Carla Drinnan,04-615-6295,28/08/1999
80,Heddi Clampe,835224257-1,Josee Nance,07-363-7763,07/08/1975
81,Renard Patrono,982330655-9,Harrie Sparkwell,09-879-7098,10/08/1988
82,Lanie Hember,723938079-3,Mildred Boram,52-969-1771,09/07/2004
83,Alex Bigglestone,812398358-1,Rey Klimshuk,16-358-8035,19/04/1961
84,Cam Southward,639026740-1,Dora Binfield,15-832-5436,15/07/1960
85,Cindy Beauchamp,421246529-9,Lock Pashba,65-018-3629,25/02/1963
86,Davina Halls,338017387-8,Cornela Clipson,44-181-3269,17/12/1989
87,Sue Campey,632273615-9,Bobbette Storrs,39-009-7993,21/02/2001
88,Caron Tippler,235526726-X,Cortie Lacelett,00-502-5451,03/07/1986
89,Alec Hawkswell,691225450-0,Kele Sword,16-358-8035,23/07/1985
90,Clarabelle Buffin,655393118-6,Roby Munning,67-591-8518,04/05/1981
91,Tuckie Perrie,805135635-7,Josey Derrington,39-009-7993,03/05/1984
92,Teena Joist,671966656-8,Rodolphe Pycock,57-024-9576,19/02/2008
93,Josias Inde,075367768-7,Wandis Payton,91-746-2935,18/07/2018
94,Sean Willerstone,037953053-8,Arliene Gostall,39-009-7993,18/02/2010
95,Rochella Carrack,768515593-1,Lorna Twinborough,17-122-0043,06/03/2009
96,Patsy Wellbank,378914650-1,Nettle Yalden,68-474-4635,27/01/1962
97,Esdras Sellstrom,742834377-1,Bobbie Kaye,76-698-3720,13/12/1989
98,Mame Plampeyn,638026997-5,Rosemary Synnot,06-284-0477,02/04/2005
99,Adham Dukesbury,116391330-8,Lin Elmer,42-851-6365,02/02/1995
100,Karita Kimbley,676164353-8,Fancie Cranstone,04-615-6295,30/06/1991
101,Selig Etty,089847785-9,Hayden Puddephatt,24-268-7287,15/01/2001
102,Brock Keenlyside,011344605-5,Tammara Curr,64-892-0276,23/03/2001
103,Gregorius McGrann,995705797-9,Elnar Ife,15-832-5436,01/12/1961
104,Tonie Carnelley,225293894-3,Eldridge Instone,47-681-3523,20/05/1993
105,Joy Wilsher,608167299-9,Emmy Allon,80-602-0483,13/06/1965
106,Maureene Hatcher,481824301-9,Mick Whittaker,09-328-5744,14/06/1970
107,Irma Karolyi,677607333-3,Edi Laffranconi,89-034-2827,28/02/1961
108,Prent Selwin,204006694-2,Dorothy Di Iorio,17-345-0275,06/02/1996
109,Yard Grishakov,690902203-3,Norina Lowdwell,17-345-0275,31/05/1997
110,Gay Phebee,801817460-1,Georgiana Sworder,91-677-2551,05/09/2003
111,Minnie Romagnosi,872756119-4,Sarette Kimbrey,91-746-2935,25/08/1972
112,Aundrea Prydden,214448394-9,Gaby Readmire,51-997-3417,14/07/2018
113,Janeta Theunissen,791769469-0,Tamqrah Elles,17-345-0275,15/11/1995
114,Hallsy Morden,406156686-5,Alessandra Grisewood,89-033-6255,14/11/1993
115,Sherilyn Raleston,558117817-8,Leeann Ellerman,17-122-0043,28/09/1972
116,Katharina Bonder,419544873-5,Dedie Lebell,53-801-0822,28/09/2000
117,Brigit Bissett,561779982-7,Honor Hartness,46-455-1850,20/09/2010
118,Giffer Bennedsen,977940214-4,Murdock Saddler,04-615-6295,27/01/1977
119,Fin De Simoni,794181883-3,Cherice Berryman,19-091-3364,10/06/1983
120,Tammie Todman,903322922-6,Ysabel Dutch,12-437-0373,07/08/1962
121,Tamar Nials,398409223-7,Vicky Strettell,95-151-7893,06/03/2002
122,Bartholomew Crellin,592957738-2,Alexandro Addeycott,12-437-0373,08/08/1976
123,Ernestus Sneezum,840192072-8,Eleanore Nixon,66-987-4169,19/11/1982
124,Ellery Simnor,236330400-4,Lilli Lernihan,44-181-3269,15/01/1961
125,Reuven Bonwell,028728128-0,Mallorie Creese,64-892-0276,20/05/1985
126,Emyle Marshman,893367590-6,Lyndsay Chapell,39-009-7993,08/05/2017
127,Maureene Crissil,932165800-9,Mina Cord,18-363-4680,20/01/2013
128,Baillie Turbill,734605869-0,Chanda Speak,82-475-7435,19/06/2013
129,Ayn Otson,698789435-3,Petr Snalom,89-034-2827,05/11/1984
130,Mellisa McVaugh,509417125-9,Renie Peacock,45-465-5564,02/03/1996
131,Godfry McMullen,185609000-0,Margi Truluck,09-328-5744,12/07/1965
132,Shirline Lodder,325303028-8,Brenda Trudgian,89-033-6255,27/02/2008
133,Candis Vellden,790366874-9,Madelle Wretham,09-328-5744,22/05/1961
134,Woody Jone,261921380-0,Albertina Hylton,07-363-7763,08/05/1987
135,Dame Knee,780890875-4,Annadiane Vannuccinii,44-181-3269,09/05/1974
136,Lethia Roscoe,990376624-6,Broderic Riddoch,18-363-4680,08/08/1993
137,Barclay Cow,428876230-8,Francis Berrigan,12-437-0373,02/05/2009
138,Ashla Wyse,214318684-3,Belia Southerell,57-518-2079,26/03/1963
139,Sigismundo Atwood,850888333-1,Dianna Prue,09-328-5744,05/08/1966
140,Maurita Dalli,133109409-7,Bibi Tooze,66-987-4169,15/12/2003
141,Haroun Weavill,952406125-2,Lisha Stivey,57-518-2079,07/04/1961
142,Myrah Walkinshaw,819005730-8,Camella McBrearty,47-681-3523,12/12/1965
143,Arie McCullen,814639427-2,Zsa zsa Lishmund,39-009-7993,16/03/1997
144,Anastassia Roads,806347275-6,Vere Ellerton,72-281-9544,22/12/1989
145,Trumann Showering,840807297-8,Pat Shayes,42-851-6365,07/08/1997
146,Jolie Duerdin,111975894-7,Ariel Krook,44-181-3269,26/01/1974
147,Evey Charman,872646704-6,Findlay Crilley,52-969-1771,28/12/1977
148,Sophia Pieper,778110352-1,Chrysa Malcher,57-518-2079,18/01/1986
149,Dagny Lightowler,822767564-6,Lissa Ghilks,09-879-7098,18/05/1973
150,Lynn Podbury,191381673-7,Averil Mowle,00-502-5451,13/01/2009
151,Murray Blunkett,486081419-3,Loren Frany,16-358-8035,25/08/1993
152,Brod Idiens,085599928-4,Braden Dellar,15-158-4134,06/03/1990
153,Cherise Quinlan,046992742-9,Hakim Napolione,17-122-0043,02/07/1992
154,Tracey O'Heagertie,543800111-1,Jone Pladen,62-438-3255,17/10/1960
155,Donalt Rao,834490747-0,Melodie Heinemann,00-502-5451,12/01/1981
156,Ernest Casburn,738632488-X,Maurene Malster,00-502-5451,06/02/1961
157,Brett Entwisle,914088262-4,Lancelot Hedger,18-363-4680,31/03/2009
158,Niven Conibeer,619288379-3,Jen Jepps,57-518-2079,02/03/1983
159,Debor Jacke,527201460-X,Querida Duckitt,42-851-6365,14/06/1971
160,Drake Lere,648776285-7,Sharon Ivanishchev,91-746-2935,19/05/2005
161,Anabelle Ainsby,412127277-3,Maud Biles,51-997-3417,11/01/1985
162,Valina Prawle,831352167-8,Alexandrina Wingeat,91-677-2551,17/07/2015
163,Eileen Ruben,601521125-3,Hieronymus oldey,45-465-5564,24/01/1989
164,Carter Loveard,951737883-1,Cortney Mold,57-024-9576,15/02/1985
165,Myer Madge,183276454-0,Barnaby Bilston,57-024-9576,23/06/2010
166,Nyssa Cardenas,557478358-4,Godfrey Wilce,24-268-7287,05/09/2007
167,Theda Somner,843204574-8,Corbett Nuton,85-393-7101,07/02/1985
168,Rochette Croshaw,861878854-6,Kerr Disney,65-018-3629,08/02/2011
169,Rockie Pitceathly,262893600-3,Rosanne Jarret,12-437-0373,14/08/1989
170,Cary Greetland,446699378-5,Adara Carbine,17-122-0043,28/11/1969
171,Kennedy Delacoste,435392815-5,Sosanna Winter,97-266-4431,15/09/1978
172,Koral Gianulli,039301364-2,Katrine Cousen,85-393-7101,21/01/1985
173,Laraine Northcote,116238031-4,Julio Spurdens,09-328-5744,28/10/1979
174,Arv Winn,688965393-9,Kendal Narbett,42-851-6365,24/04/2014
175,Felice Jakucewicz,162526713-4,Fancie Gillfillan,18-363-4680,29/04/1961
176,Harcourt Creswell,260397025-9,Elinor Wards,31-026-4450,10/05/2018
177,Yvon Langdon,362025175-4,Michal Jennison,31-026-4450,19/09/1969
178,Ase MacCallion,893711179-9,Alana Raft,45-465-5564,05/07/1997
179,Ruy Kalisz,441629769-6,Curran Dewfall,57-518-2079,16/11/1994
180,Maria de Quincey,515763854-X,Melinde Stimpson,45-465-5564,08/01/1984
181,Augusto Arrandale,810884808-3,Vale Petrushanko,95-151-7893,29/05/1983
182,Kali Mumbray,560210843-2,Maurise Dellenbroker,57-518-2079,02/06/2002
183,Julio Obispo,575085644-5,Benetta Postill,82-475-7435,26/06/1986
184,Bennie Deeves,950892407-1,Brooks Robertsson,52-969-1771,30/07/1997
185,Jenine Mollatt,582440841-6,Ogden Garham,51-997-3417,12/06/1990
186,Alister De Marchi,509760663-9,Benyamin Masselin,91-677-2551,07/11/1961
187,Miller Blackah,450416289-X,Julienne Orleton,17-345-0275,30/09/2002
188,Lacie Anlay,795443456-7,Dael McLaren,67-591-8518,30/04/1996
189,Berri Gascoine,698173782-5,Trudey Spino,82-475-7435,24/07/2002
190,Carlin Kleint,164470926-0,Jolyn Briar,09-879-7098,22/06/1978
191,Malvin Inder,846059259-6,Ganny Lorant,06-284-0477,21/07/2007
192,Riane Cancott,578069767-1,Constantina Bridel,68-474-4635,09/02/1993
193,Martino Scopham,932021245-7,Milena Lenihan,42-851-6365,01/04/2015
194,Eugenius Carse,681810100-3,Clement O'Leagham,44-181-3269,20/10/2016
195,Aguistin Bellini,202419258-0,Kienan Kausche,12-437-0373,27/02/1970
196,Sayres Semour,309599613-6,Perice Albany,31-026-4450,20/09/2008
197,Vivie Oldknowe,556734972-6,Mac McCosker,57-518-2079,23/03/2003
198,Patton Cayser,442908598-6,Andeee Cuming,47-681-3523,17/08/1961
199,Trent Hartfleet,188003516-2,Lowe Caplin,68-474-4635,29/07/2012
200,Eolanda Kanter,426107487-7,Maximilien Smallacombe,17-345-0275,30/04/2007
201,Randolf Chyuerton,517147035-9,Shela MacAlpyne,18-363-4680,21/02/2003
202,Rosemaria Kolodziejski,872309879-1,Carly Stellin,91-866-2659,14/08/1998
203,Eadmund Juschke,667222868-3,Gussie Quinton,39-826-8694,14/05/1964
204,Babs Fleg,042793116-9,Leif Tesseyman,91-866-2659,10/04/1973
205,Ulrick Ledes,106882434-4,Rochelle Neville,62-438-3255,09/01/2008
206,Lynnea Poile,256595639-8,Gweneth Whicher,42-851-6365,29/12/1976
207,Cesare Cruikshanks,297833036-8,Gardner Ciottoi,15-158-4134,08/06/1984
208,Fenelia Skones,023098923-3,Jerrine Souter,62-438-3255,23/10/2001
209,Andeee Pegden,468943917-6,Bryce Britney,82-475-7435,16/10/2005
210,Melantha Cambell,963269415-5,Obie Douglass,53-801-0822,22/01/2000
211,Adena Glinde,577945763-8,Danya Dunican,82-475-7435,11/12/1995
212,Trudi Heigho,720877200-2,Sammie Chesnay,65-018-3629,09/10/1967
213,Bancroft Pinard,634281251-9,Hilton Hortop,64-892-0276,09/11/1977
214,Maye Exeter,131861589-5,Norrie Camerati,12-437-0373,17/07/1967
215,Celia Cunnah,873517868-X,Caty Doody,82-475-7435,04/04/2011
216,Lucila Conachy,142695151-5,Marsh Iacovolo,66-987-4169,06/11/1997
217,Sebastiano Bendan,986895278-6,Tania Proudley,39-009-7993,20/03/1985
218,Malcolm Ibbott,359964084-X,Kit Langton,07-363-7763,23/03/1990
219,Georgeta Cesconi,915804896-0,Sharron Meneyer,57-518-2079,17/04/1972
220,Wilie Menichelli,718364651-3,Paolina Brangan,57-024-9576,14/10/2005
221,Blaine Copello,489188109-7,Garrott McGahy,82-475-7435,04/02/1974
222,Brittany Gawthorpe,115288910-9,Dolorita Roughey,07-363-7763,22/11/1974
223,Kessia Bridson,823304035-5,Stefa Poe,15-158-4134,04/05/2006
224,Natka Poxton,556309831-1,Kerrie Orris,72-281-9544,21/10/1987
225,Maribelle Ledgister,937094910-0,Dylan Ubanks,72-281-9544,06/07/1998
226,Joan Ren,233181485-6,Eleanore Lindenblatt,42-851-6365,28/08/2005
227,Pearle Plewman,503385885-8,Mike Scholl,91-677-2551,19/04/1973
228,Keven Tuison,628249340-4,Dennison Scott,07-682-1487,28/11/2003
229,Kathi Gradon,335358499-4,Ally Aylin,04-615-6295,10/09/1968
230,Valma Molyneux,295828776-9,Urbain Agius,91-677-2551,02/02/1967
231,Marylee Diment,616187367-2,Ambrose McInnes,80-602-0483,02/01/2000
232,Naoma Harkes,355018457-3,Junina Stebbings,47-681-3523,26/06/1990
233,Cyrill Wistance,398574970-1,Tildy Mylchreest,91-866-2659,25/06/1983
234,Erick Kebbell,427940931-5,Ambur Endacott,97-266-4431,02/06/1973
235,Dorothee Stanyan,914289287-2,Roseann Aggis,04-615-6295,15/07/1995
236,Curtis Kock,366569533-3,Glen Senogles,07-682-1487,09/06/2014
237,Sibilla Kunkler,633254163-6,Ulises Noell,19-091-3364,21/07/2009
238,Lothario Chastan,222888630-0,Augy York,07-682-1487,03/08/2003
239,Ab Fearne,811527824-6,Shaw Suffield,42-851-6365,12/10/1971
240,Lonni Rising,604278579-6,Leta Dickson,12-437-0373,10/11/1998
241,Maryanne Ortner,738636646-9,Gustave Laetham,06-284-0477,27/09/2018
242,Errol Cruwys,437833313-9,Kalle Emmines,24-268-7287,18/08/2015
243,Gregor Ebdin,650466204-5,Darbee Rase,64-892-0276,26/03/2004
244,Courtnay Callway,236491689-5,Issi Jamrowicz,64-892-0276,02/07/1967
245,Maribeth Evins,761067003-0,Waite Mc Queen,17-345-0275,14/06/2013
246,Jessica Kaasman,007725975-0,Violetta Gutridge,42-851-6365,26/08/1980
247,Franz Kittle,872747425-9,Timothee Eyer,12-437-0373,18/12/1999
248,Dody Dutton,386633066-9,Jarad Brodeur,65-018-3629,08/07/1979
249,Sapphire Batho,074017488-6,Berrie Domino,62-585-3111,01/10/1960
250,Ann Campana,847434451-4,Iona Merigon,62-438-3255,16/12/1973
251,Seumas Wynett,151365684-8,Yetty Dymock,72-281-9544,27/05/1973
252,Harriott Cranke,910252553-4,Cathie Reyner,89-034-2827,26/09/1986
253,Hermine Iannetti,910951366-3,Armin Jancik,17-345-0275,04/03/1991
254,Vasily Boddy,176155933-8,Sonni Chadbourn,80-602-0483,27/02/2011
255,Debra Stubbeley,957798962-4,Florry Bundy,95-151-7893,06/08/1978
256,Augie Barnsdale,086783964-3,Flint Petracci,15-832-5436,04/03/1971
257,Binny Engel,888345835-4,Leonid Axelby,44-181-3269,23/12/1985
258,Bradford Garrood,983246835-3,Birgitta Hasselby,16-358-8035,23/05/1981
259,Georg Bleckly,713215077-4,Odille Biggam,16-358-8035,05/10/2018
260,Jamil Sherland,082391436-4,Niles Grime,97-266-4431,19/09/1960
261,Percy Gibby,507938501-4,Gerrilee Glancy,45-465-5564,06/02/1985
262,Terrill Twyning,367598656-X,Johannah Leak,51-997-3417,05/06/1998
263,Bealle Poncet,153198405-3,Sofie Lamb-shine,64-892-0276,21/01/2007
264,Way Fryett,900121915-2,Gabbey Papaminas,39-826-8694,07/06/2010
265,Horatia Caren,688558937-3,Robinet Howorth,97-266-4431,22/02/1965
266,Lu Clowser,480995713-6,Carlyle Karlsson,52-969-1771,03/01/1990
267,Christie Gouthier,518041981-6,Lorie Penticost,15-158-4134,23/09/2017
268,Ange Kimmel,022537300-9,Demetra Harman,64-892-0276,18/07/1963
269,Marijn Pink,841019141-5,Issy Terrill,62-438-3255,23/02/1983
270,Teresina Furmenger,435062203-9,Hewe Bushrod,65-018-3629,31/10/1982
271,Aldrich Ollerhead,640305255-1,Alonso Butchard,44-181-3269,07/03/1963
272,Janelle Davison,499768125-3,Yorker Cissen,46-455-1850,13/05/1963
273,Yancey Robilliard,079320690-1,Elsinore Assur,85-393-7101,18/08/2005
274,Vivi Fairebrother,315410214-0,Tiff Dwerryhouse,66-987-4169,12/03/1996
275,Anna-maria Ridout,212856915-X,Lannie Nesby,00-502-5451,26/09/1971
276,Tomasina Bonnar,029473802-9,Alfie Gonin,15-158-4134,05/12/2003
277,Albrecht Flahive,643796230-5,Nevins Titford,68-474-4635,24/07/1994
278,Halsey Mallion,927284173-9,Marlowe Jensen,51-997-3417,27/04/1989
279,Kerrin Hanwell,334265552-6,Olin Videler,17-345-0275,25/03/2006
280,Matthias Bailes,633170031-5,Saidee Dullingham,62-585-3111,17/11/2014
281,Daryle Tytherton,853795828-X,Perl Scarfe,91-746-2935,12/11/1970
282,Vitia Coston,495550080-3,Kaycee Popelay,07-363-7763,27/11/2010
283,Gilbertine McLuckie,956261245-7,Bea Dearman,45-465-5564,30/11/1992
284,Rowan Pottinger,309244971-1,Adrianne Gomer,47-681-3523,26/08/1995
285,Alfie O'Scollee,964006011-9,Shelden Yanson,00-502-5451,04/02/1989
286,Meara Castree,958583947-4,Udale Bridger,91-677-2551,19/09/1965
287,Dorine Derrell,868432141-3,Aurilia Ions,44-181-3269,23/12/1963
288,Verla Ivashechkin,152504359-5,Issiah Siveter,89-034-2827,09/10/1973
289,Brade Tesmond,254487993-9,Dannel Kehoe,39-009-7993,21/09/2013
290,Salem Blasing,006425566-2,Vivian Renton,00-502-5451,05/09/1986
291,Peria Peckett,633543392-3,Malia Jumonet,82-475-7435,01/01/1971
292,Bobbe Glen,491312205-3,Antoinette Halls,91-677-2551,12/01/2000
293,Archibald Rocca,346134467-2,Salmon Wilshire,17-345-0275,06/05/2002
294,Glyn Domican,101836035-2,Lesley Ramelet,46-455-1850,26/04/1976
295,Francklyn Peirce,314856185-6,Leonardo Arondel,91-866-2659,20/07/1967
296,Irwin Golling,939727467-8,Dalia Philipeaux,91-746-2935,06/06/1978
297,Antonin Yourell,172729176-X,Berry McCracken,16-358-8035,14/05/1970
298,Rosalinda Ohrtmann,655555460-6,Rafi Antuoni,72-281-9544,28/11/1968
299,Halsy Marre,235473379-8,Bradly Wallman,46-455-1850,07/07/2012
300,Ilysa Yates,687607880-9,Thia Mochar,18-363-4680,08/06/1984
301,Morna Scullion,054924984-2,Annetta Kimbell,42-851-6365,19/01/1989
302,Lorrie Pim,477887480-3,Sky Blues,39-009-7993,29/07/1973
303,Ragnar Siggins,940362364-0,Nydia Gilpillan,44-181-3269,31/08/2013
304,Perri Gormally,660362867-8,Daryn Neasam,65-018-3629,19/11/1963
305,Joscelin Pendell,048716761-9,Jacinta Semon,80-602-0483,08/01/1980
306,Kalil Mamwell,575615779-4,Livvy Wogan,47-681-3523,28/02/1991
307,Kizzie Willgoose,502357535-7,Cornelia Basten,17-345-0275,12/05/2012
308,Rudiger Muckleston,765952980-3,Darla Mandel,62-585-3111,20/08/1978
309,Nonnah Leaming,015785327-6,Felice Irce,46-455-1850,26/10/1963
310,Rodie Messitt,539434765-4,Sharity Buttler,44-181-3269,26/12/1967
311,Seumas Kluss,680444590-2,Joceline Pregel,97-266-4431,13/12/1989
312,Gaultiero Trahar,226671850-9,Priscilla Hiner,18-363-4680,09/06/2008
313,Myrlene Mayne,134946316-7,Debera Carrack,89-033-6255,31/07/1997
314,Lesli Doby,537976605-6,Dela MacIver,76-698-3720,21/02/1996
315,Krysta Izat,230611375-0,Rayner Greeson,39-826-8694,20/06/1982
316,Aldon MacDowall,594694149-6,Chiquia Dugood,80-602-0483,16/12/1970
317,Jeremiah Kearn,852633978-8,Courtnay Ferrea,09-879-7098,11/02/1989
318,Briney Bradwell,453948826-0,Gery Di Biaggi,65-018-3629,21/06/1994
319,Raquela Miranda,579951755-5,Amerigo Dumbar,82-475-7435,28/10/1975
320,Charil Kirman,829333074-0,Conrade Newbigging,89-034-2827,22/09/1960
321,Emmerich Paik,104294379-6,Guntar Milley,67-591-8518,07/07/1995
322,Fina Curneen,488728917-0,Terza Lexa,47-681-3523,10/04/1992
323,Giffard Colbron,032200859-X,Andonis Ree,91-677-2551,02/10/1993
324,Ax Callf,804091942-8,Haleigh Silverton,89-033-6255,29/04/1961
325,Haley Bathersby,352794827-9,Fancie Cavanagh,39-826-8694,20/03/2013
326,Sallie Barrasse,431225163-0,Keriann Morriss,39-826-8694,30/06/2016
327,Viki Fergie,624717428-4,Jaime Tschursch,65-018-3629,11/10/2003
328,Berry Wrates,949217075-2,Roxane Chell,97-266-4431,18/07/1978
329,Ollie Cranch,362084286-8,Lelia Meacher,97-480-4182,29/07/1966
330,Davis Witcombe,470725702-X,Dawna Ardern,47-681-3523,29/12/1985
331,Conrade Vuitton,826893022-5,Gerry Jantzen,45-465-5564,15/03/2003
332,Mella Haggerwood,113613579-0,Emmey Tolson,85-393-7101,28/10/1993
333,Cyb Tarplee,606940587-0,Filippo Bugby,04-615-6295,24/10/1964
334,Elyse Eastment,565185934-9,Livvyy Machin,39-826-8694,10/11/2015
335,Thaddus McMeeking,473734341-2,Olia Glass,91-866-2659,23/10/2018
336,Leonhard Swadlin,283971376-4,Becky Terlinden,62-438-3255,03/03/1994
337,Alane Starzaker,884730847-X,Sharline Tufts,07-682-1487,15/09/1966
338,Chip MacQuarrie,147051541-5,Tessy Bottomer,42-851-6365,05/12/1976
339,Verile Threlkeld,584181224-6,Wilek Earney,45-465-5564,27/06/1983
340,Mathias Lightbourn,139424541-6,Tess Swaffer,46-455-1850,25/10/1999
341,Amory Cunio,497972384-5,Darrick Keys,31-026-4450,30/11/2005
342,Kristine Pohls,199746908-1,Ilaire Missenden,95-151-7893,24/01/2013
343,Olwen Stealfox,212372441-6,Ettie Dinneges,65-018-3629,08/11/1966
344,Burk Broughton,706230687-8,Sibeal Pearsall,04-615-6295,28/01/2010
345,Fidelio Mettricke,431255895-7,Friederike Sare,80-602-0483,25/11/1971
346,Isador Gullan,523724417-3,Renee Gerwood,57-518-2079,03/08/1998
347,Munroe Adcock,459635655-6,Obediah Kerin,97-266-4431,25/02/1973
348,Ronald Rainbow,524480476-6,Issy Collacombe,47-681-3523,16/11/1962
349,Alvy Pantin,851075261-3,Stacie McPhate,89-034-2827,23/09/1971
350,Hobard Flintoft,486547561-3,Nessi Quail,91-746-2935,23/06/1961
351,Fayette Mabbitt,108955207-6,Davina Banford,57-518-2079,25/03/2003
352,Becca Alekseicik,179959984-1,Yard Sheach,82-475-7435,28/12/2005
353,Larissa Foulis,220891814-2,Nicola McAster,91-866-2659,25/08/1986
354,Delaney Copozio,477777022-2,Dilly Turpin,18-363-4680,13/08/2012
355,Taryn Volk,876039741-1,Claudian Corn,04-615-6295,17/08/1973
356,Gerrilee McSparran,069552534-4,Francois Bernaldo,68-474-4635,19/07/1964
357,Hogan Samsin,870459916-0,Joel Nunnerley,12-437-0373,30/03/1990
358,Richmond Bernardeschi,514074553-4,Ynez Mangin,06-284-0477,06/11/1970
359,Eugine Braithwaite,385968473-6,Kahlil Oldershaw,65-018-3629,05/11/1979
360,Wilie Ricca,410236321-1,Erica O'Kieran,07-363-7763,16/08/1988
361,Sutton Stanbra,162962743-7,Hollis Fforde,07-682-1487,20/07/1996
362,Saw Cotton,420119950-9,Auberta Bilby,19-091-3364,13/02/2011
363,Emmy Greetland,424519923-7,Libbey Billyeald,46-455-1850,07/11/2000
364,Sammy Areles,881755599-1,Ruthe Collister,15-158-4134,16/11/2001
365,Langston Berthot,477620073-2,Gunilla Nerval,97-480-4182,29/08/1978
366,Johna MacCorley,156551096-8,Milt Doiley,66-987-4169,19/04/1986
367,Olimpia Berridge,564998106-X,Kane Glading,52-969-1771,20/01/1962
368,Beatrice Thomke,398442448-5,Jasmin Limeburn,31-026-4450,22/10/2015
369,Xylia Gwyllt,330418104-0,Serene Brinicombe,80-602-0483,28/11/1983
370,Felicity Spavins,719361113-5,Hiram Bark,16-358-8035,04/06/2018
371,Bibby Muehler,675838110-2,Ludovico Evens,09-879-7098,26/12/2004
372,Jessalyn Folds,141758424-6,Analise Gotcher,15-832-5436,24/06/2003
373,Drusi Gheorghie,365214641-7,Sammie Skea,17-345-0275,29/09/1986
374,Hedvig Serle,945035457-X,Amandie Pero,57-024-9576,19/03/1996
375,Rae Ayscough,505549494-8,Asa Easun,16-358-8035,15/01/1988
376,Corrie Maycock,617975088-2,Lynnelle McKennan,52-969-1771,08/06/1966
377,Olia Wooles,588329702-1,Lin Martonfi,51-997-3417,09/04/1989
378,Derron Dugue,282632957-X,Thaxter Galler,89-034-2827,20/04/1992
379,Norry McMarquis,288640520-5,Merridie Shuttleworth,15-158-4134,09/06/1975
380,Renault Muller,829712248-4,Theo Hindrick,09-879-7098,27/12/1989
381,Dane Tortoishell,672543805-9,Myranda Roseblade,66-987-4169,11/02/2005
382,Arne Humm,657175212-3,Conni Tinker,16-358-8035,14/11/1988
383,Claudia Ducker,601041851-8,Godfry Levens,95-151-7893,06/10/1976
384,Arnie Serridge,891408724-7,Lindsey Missenden,91-746-2935,03/02/1979
385,Jackqueline Medlen,383918366-9,Georgina Stoppard,57-024-9576,14/03/1974
386,Laetitia Itzig,141687955-2,Jarvis Hamshar,72-281-9544,09/02/1985
387,Myranda Cooper,038835297-3,Carolyne Jurczak,53-801-0822,11/10/1978
388,Herve Oxborrow,723682210-8,Xerxes Oulet,76-698-3720,14/02/1985
389,Dina Lanfear,226277246-0,Torrin Castaignet,85-393-7101,06/12/2007
390,Ninnette Putley,011147073-0,Demetrius Pedrick,97-480-4182,17/11/1988
391,Stephenie Straine,421599326-1,Lora Bollis,39-826-8694,01/08/1998
392,Merrile Mintoft,662746021-1,Marysa Piscot,46-455-1850,03/01/1996
393,Cory Tipens,403856292-1,Revkah Duggen,07-363-7763,25/11/1970
394,Stesha Bendix,368570812-0,Corrie Midson,24-268-7287,23/07/1975
395,Reuben Yanukhin,749253792-1,Stanley Wedlake,67-591-8518,22/02/1974
396,Andy Lackinton,432819882-3,Sonny Soutter,17-122-0043,17/02/1999
397,Carole Statter,526793905-6,Thedric Burrells,62-585-3111,07/10/1982
398,Trumann Lattey,816185605-2,Gwynne Hurndall,47-681-3523,26/05/1976
399,Abel Tebbe,172758850-9,Latia Cossor,09-328-5744,05/11/1967
400,Der Hundy,177325085-X,Celia Harwin,57-518-2079,01/01/1972
401,Bethena Klink,159520471-7,Bronny Feavers,16-358-8035,08/02/1961
402,Hagan Hew,678368877-1,Allister Stoyell,42-851-6365,23/05/1978
403,Vanya Janning,974163518-4,Edee Colvie,72-281-9544,20/12/1991
404,Kristin Scarlon,635188076-9,Pernell McGlew,18-363-4680,03/10/2011
405,Clemmie Turban,790256450-8,Velvet Tuny,67-591-8518,10/04/1977
406,Alicea Springett,716709294-0,Clementina Guirard,65-018-3629,04/02/1975
407,Gloria McGlashan,094046941-3,Jonell Gledhill,97-266-4431,20/04/1976
408,Frederigo Kellard,831024054-6,Dalia LAbbet,57-518-2079,29/12/1982
409,Anabella Hartrick,703714936-5,Kathi Rittmeier,39-009-7993,12/03/1991
410,Zitella LAbbet,590425784-8,Isobel Brigham,07-363-7763,28/02/1978
411,Cale Worner,139440311-9,Ichabod Robinet,18-363-4680,27/03/2000
412,Francene Mustoo,601026951-2,Ravi McGaugie,44-181-3269,23/09/1974
413,Benedikta Cansdill,791634018-6,Zorah Angrove,91-866-2659,24/06/1964
414,Rab Baudichon,643286795-9,Alysia Cowup,18-363-4680,17/06/2013
415,Malanie Baudrey,380427482-X,Gill Penketh,97-002-3205,08/05/1995
416,Helenka Troubridge,695840900-0,Klara Matushevitz,24-268-7287,04/08/2009
417,Kara-lynn Howkins,409927583-3,Haleigh Fernehough,06-284-0477,11/04/1995
418,Cale Keeling,649195410-2,Agace Lum,80-602-0483,03/12/2011
419,Randi Tredgold,800432895-4,Thane Fones,07-363-7763,28/03/1991
420,Vernice Milington,997168999-5,Ramsey Elman,91-746-2935,22/01/1982
421,Aloysia Rudge,473186523-9,Amara Phinnis,62-585-3111,01/06/2008
422,Maia Cripwell,125341339-8,Rabi Jaze,57-024-9576,23/08/1973
423,Frazer Lill,852874891-X,Wilhelm Ashmole,19-091-3364,13/12/1972
424,Orlando Springford,069515811-2,Blaine Turnell,00-502-5451,23/03/1999
425,Dennis Rahill,638666036-6,Dilan Rodear,24-268-7287,04/10/2000
426,Gerick Guidone,145544654-8,Janetta Wackett,62-438-3255,04/12/1977
427,Penny Melross,089821569-2,Phylis Searson,66-987-4169,22/05/2015
428,Aldin McCray,637760969-8,Lotte Parks,42-851-6365,25/05/1993
429,Chrysa Vigors,640179919-6,Berenice Clemmow,68-474-4635,09/07/1971
430,Delilah Biddlecombe,972554238-X,Reid Leckie,64-892-0276,15/06/1965
431,Prudi Tidcombe,694682035-5,Adelice Morford,09-328-5744,24/04/1998
432,Cassandra Whitters,275080741-7,Veda Reynard,09-879-7098,04/01/1979
433,Dari Getley,555570505-0,Sayer Mattiussi,09-879-7098,16/01/2010
434,Talya Shrive,088954901-X,Thedrick Fransman,46-455-1850,03/03/1984
435,Sissy Diano,025600826-4,Percy Weavers,91-746-2935,29/06/1964
436,Fredrick Akerman,126268817-5,Bendix Derrell,91-746-2935,21/10/1987
437,Tiffany Stollsteiner,141221091-7,Anatole Facer,89-034-2827,20/12/1976
438,Sibilla Keenlyside,694009166-1,Chery Sambedge,57-518-2079,16/04/1960
439,Stacia Kubczak,444883732-7,Ward Carr,12-437-0373,15/11/2013
440,Lauri Roalfe,975663713-7,Gabriello Farries,82-475-7435,11/05/2002
441,Pancho Sibbet,496908955-8,Nanny Madelin,51-997-3417,02/07/1961
442,Joby Giggs,123761288-8,Gilberte Tithecote,39-826-8694,05/08/1975
443,Selie Arnet,521310984-5,Melisandra Edelston,39-009-7993,21/04/2009
444,Xerxes MacKnight,198603302-3,Maximilien Boarder,95-151-7893,02/10/1976
445,Darin Mitchelson,207134331-X,Nolan MacClenan,51-997-3417,10/08/1986
446,Berkie Casewell,367708162-9,Dale Stiddard,53-801-0822,16/06/1969
447,Essa Bremley,286348409-5,Cyrill Vedyaev,04-615-6295,30/03/2016
448,Petr Hulle,999844517-5,Hammad Thrower,53-801-0822,01/01/1981
449,Donovan Tumbelty,022582303-9,Cammy Canaan,91-746-2935,17/03/1992
450,Sybille Edwin,288743588-4,Tammy Shouler,12-437-0373,10/06/1985
451,Starlene Keer,817914447-X,Rosita Bolstridge,00-502-5451,14/07/2001
452,Rhea Gaunt,252457630-2,Nance Wratten,47-681-3523,23/06/1962
453,Tull Gauntley,652048936-0,Nicolette Mitchinson,66-987-4169,11/07/1976
454,Robinett Harridge,617067555-1,Marcelle Ring,42-851-6365,26/01/1976
455,Gwenni Coners,142727794-X,Una Torald,18-363-4680,26/03/2015
456,Loydie Strowlger,092006807-3,Daryn Timeby,91-677-2551,18/01/1978
457,Fanechka Lunk,868393877-8,Tristan Sebrens,66-987-4169,25/05/2009
458,Adham Northidge,132679623-2,Jo Ellissen,91-746-2935,12/07/2009
459,Eberto Coddington,713332967-0,Roddie Rodrig,44-181-3269,14/07/2014
460,Meredith Scapelhorn,578778443-X,Tamar Febre,57-518-2079,07/05/1968
461,Leticia McCome,209526903-9,Hester Bimrose,19-091-3364,30/01/1985
462,Coralyn McConnell,665048415-6,Violetta Eyles,67-591-8518,05/05/1980
463,Reinhard Wheelband,124186658-9,Waneta Elsay,57-024-9576,08/01/2015
464,Auberon Waldocke,302332230-9,Portia Troppmann,53-801-0822,28/09/1994
465,Stearne Bussel,083768833-7,Ralina Seilmann,15-158-4134,26/02/1992
466,Jarid Phuprate,665661872-3,Moises Kilrow,64-892-0276,05/08/1982
467,Burch Kenwood,748999368-7,Christoph Millwall,24-268-7287,23/01/1969
468,Peggie Learned,957012993-X,Giacobo Cordero,44-181-3269,24/06/1999
469,Kenon Scarlan,902893326-3,Kevyn Candey,39-826-8694,20/06/1984
470,James Furmston,254505867-X,Harv Chomicz,45-465-5564,03/10/2006
471,Arabelle Hows,782591800-2,Anthony Strutz,85-393-7101,23/02/1988
472,Oliviero Tolworth,482717726-0,Esther Maffezzoli,24-268-7287,16/01/2007
473,Dominique Rolfs,024701957-7,Waverley Brugsma,06-284-0477,16/05/2011
474,Wes Burhill,653320772-5,Shirleen Guiton,57-518-2079,19/12/1991
475,Auguste Clotworthy,686579949-6,Dehlia Beardshall,12-437-0373,13/05/2008
476,Simmonds Duckworth,968733299-9,Jesse Dussy,51-997-3417,10/06/2009
477,Addie Dickons,862837763-8,Tersina Attaway,39-009-7993,15/02/1989
478,Gilda Klainman,826752550-5,Gardiner Raddin,44-181-3269,28/06/2000
479,Nariko Janse,781941674-2,Daniel Ricioppo,82-475-7435,18/08/2008
480,Tybi Sleford,180403321-9,Andree Gallaccio,97-266-4431,13/03/1989
481,Gaspar Quartermaine,630386116-4,Alyssa Tamlett,64-892-0276,29/11/1987
482,Spenser Wallworth,443362350-4,Bronson Ettles,04-615-6295,05/05/1964
483,Barby De Castri,626830547-7,Ophelie Bertie,15-158-4134,21/06/1978
484,Karel Spinelli,529310977-4,Hatty Esposita,91-866-2659,03/02/2007
485,Enrica Mancktelow,980494770-6,Montgomery Masters,97-002-3205,20/11/1984
486,Florri Fattorini,240933352-4,Marice Ancell,89-034-2827,17/07/1963
487,Vere Costi,598291633-1,Silvanus Leall,85-393-7101,01/04/1989
488,Andrea McMorran,007187901-3,Othilie Sherme,39-826-8694,20/07/2010
489,Gerrie Hand,557160857-9,Godart Gawthorp,15-158-4134,14/06/2013
490,Daron Dimbleby,978138885-4,Jami Salvidge,82-475-7435,03/08/2014
491,Erna L'Homme,875712273-3,Baillie Perell,06-284-0477,20/11/1991
492,Trevor Siney,093204561-8,Barrie Newlin,97-002-3205,17/06/1998
493,Ambur Stops,981812979-2,Sheela Tetford,57-024-9576,28/07/1985
494,Mylo Lakey,833180183-0,Cleve Muldoon,95-151-7893,12/05/1999
495,Kennett Samart,769889557-2,Lauri Benallack,17-345-0275,20/04/2002
496,Cathleen McGebenay,010967975-X,Sansone Hallex,76-698-3720,18/06/1967
497,Howie Arnke,607884288-9,Thor Vine,89-034-2827,14/11/1982
498,Alissa Marlor,803594110-0,Darwin London,91-746-2935,21/03/2014
499,Hall Oldaker,138756008-5,Mureil Jannaway,09-879-7098,17/08/1978
500,Leonard Purple,306258945-0,Saundra Patchett,97-002-3205,04/02/1960
